Pos,Team,Players,Rating,Career Best Rating,event,type
1,BANGLADESH,Shakib AL HASAN,310,448 V ZIMBABWE AT CHITTAGONG 2009,ODI,All-Rounder
2,AFGHANISTAN,Mohammad NABI,297,350 V IRELAND AT GREATER NOIDA 2017,ODI,All-Rounder
3,ZIMBABWE,Sikandar RAZA,288,292 V SRI LANKA AT COLOMBO (RPS) 2024,ODI,All-Rounder
4,AFGHANISTAN,Rashid KHAN,265,351 V PAKISTAN AT ABU DHABI 2018,ODI,All-Rounder
5,PAPUA NEW GUINEA,Assad VALA,248,252 V NEPAL AT DUBAI 2023,ODI,All-Rounder
6,AUSTRALIA,Glenn MAXWELL,237,340 V ENGLAND AT HEADINGLEY 2015,ODI,All-Rounder
7,OMAN,Zeeshan MAQSOOD,235,262 V IRELAND AT BULAWAYO 2023,ODI,All-Rounder
8,NEW ZEALAND,Mitchell SANTNER,233,308 V ENGLAND AT CHRISTCHURCH 2018,ODI,All-Rounder
9,BANGLADESH,Mehidy HASAN,216,295 V INDIA AT MIRPUR 2022,ODI,All-Rounder
10,INDIA,Ravindra JADEJA,209,372 V ZIMBABWE AT BULAWAYO 2013,ODI,All-Rounder
11,AUSTRALIA,Josh HAZLEWOOD,209,216 V SOUTH AFRICA AT KOLKATA 2023,ODI,All-Rounder
12,SOUTH AFRICA,Marco JANSEN,209,246 V NEW ZEALAND AT PUNE 2023,ODI,All-Rounder
13,SCOTLAND,Michael LEASK,208,209 V NAMIBIA AT KIRTIPUR,ODI,All-Rounder
14,NEW ZEALAND,Rachin RAVINDRA,202,220 V SRI LANKA AT BENGALURU 2023,ODI,All-Rounder
15,ENGLAND,Chris WOAKES,194,307 V NEW ZEALAND AT CHRISTCHURCH 2018,ODI,All-Rounder
16,SCOTLAND,Mark WATT,194,201 V ZIMBABWE AT BULAWAYO 2023,ODI,All-Rounder
17,SRI LANKA,Wanindu HASARANGA,187,252 V OMAN AT BULAWAYO 2023,ODI,All-Rounder
18,AUSTRALIA,Sean ABBOTT,185,185 V WEST INDIES AT CANBERRA 2024,ODI,All-Rounder
19,INDIA,Hardik PANDYA,185,253 V SOUTH AFRICA AT CENTURION 2018,ODI,All-Rounder
20,SCOTLAND,Brandon MCMULLEN,185,185 V NETHERLANDS AT BULAWAYO 2023,ODI,All-Rounder
21,IRELAND,Mark ADAIR,183,183 V ZIMBABWE AT HARARE 2023,ODI,All-Rounder
22,PAKISTAN,Shaheen AFRIDI,178,180 V BANGLADESH AT KOLKATA 2023,ODI,All-Rounder
23,NAMIBIA,Gerhard ERASMUS,178,178 V CANADA AT NAMIBIA 2023,ODI,All-Rounder
24,PAKISTAN,Shadab KHAN,176,221 V NETHERLANDS AT ROTTERDAM 2022,ODI,All-Rounder
25,ENGLAND,Adil RASHID,175,251 V SRI LANKA AT PALLEKELE 2018,ODI,All-Rounder
26,IRELAND,Andy MCBRINE,175,218 V NEW ZEALAND AT MALAHIDE 2022,ODI,All-Rounder
27,USA,Steven TAYLOR,175,199 V PAPUA NEW GUINEA AT NAMIBIA 2022,ODI,All-Rounder
28,IRELAND,Curtis CAMPHER,174,174 V ZIMBABWE AT HARARE 2023,ODI,All-Rounder
29,ZIMBABWE,Sean WILLIAMS,173,238 V PAKISTAN AT RAWALPINDI 2020,ODI,All-Rounder
30,SRI LANKA,Maheesh THEEKSHANA,173,173 V ZIMBABWE AT COLOMBO (RPS) 2024,ODI,All-Rounder
31,AFGHANISTAN,Mujeeb UR RAHMAN,171,176 V ENGLAND AT DELHI 2023,ODI,All-Rounder
32,SOUTH AFRICA,Aiden MARKRAM,170,180 V AUSTRALIA AT POTCHEFSTROOM 2023,ODI,All-Rounder
33,ENGLAND,Moeen ALI,165,302 V AUSTRALIA AT OLD TRAFFORD 2018,ODI,All-Rounder
34,NETHERLANDS,Logan VAN BEEK,164,178 V BANGLADESH AT KOLKATA 2023,ODI,All-Rounder
35,NETHERLANDS,Bas DE LEEDE,163,171 V SOUTH AFRICA AT DHARAMSALA 2023,ODI,All-Rounder
36,SOUTH AFRICA,Keshav MAHARAJ,162,169 V AUSTRALIA AT KOLKATA 2023,ODI,All-Rounder
37,SRI LANKA,Dhananjaya DE SILVA,161,228 V AFGHANISTAN AT HAMBANTOTA 2023,ODI,All-Rounder
38,NEPAL,Dipendra SINGH AIREE,161,172 V UNITED ARAB EMIRATES AT HARARE 2023,ODI,All-Rounder
39,WEST INDIES,Alzarri JOSEPH,160,209 V SOUTH AFRICA AT POTCHEFSTROOM 2023,ODI,All-Rounder
40,OMAN,Ayaan KHAN,160,161 V NETHERLANDS AT HARARE 2023,ODI,All-Rounder
41,UNITED ARAB EMIRATES,Aayan KHAN,159,167 V SCOTLAND AT BULAWAYO 2023,ODI,All-Rounder
42,SOUTH AFRICA,Kagiso RABADA,158,215 V INDIA AT SOUTHAMPTON 2019,ODI,All-Rounder
43,INDIA,Kuldeep YADAV,158,214 V NEW ZEALAND AT BAY OVAL 2019,ODI,All-Rounder
44,UNITED ARAB EMIRATES,Rohan MUSTAFA,155,211 V NEPAL AT DUBAI 2022,ODI,All-Rounder
45,NAMIBIA,Bernard SCHOLTZ,154,155 V UNITED ARAB EMIRATES AT NAMIBIA 2023,ODI,All-Rounder
46,PAKISTAN,Iftikhar AHMED,153,153 V ENGLAND AT KOLKATA 2023,ODI,All-Rounder
47,AUSTRALIA,Adam ZAMPA,152,152 V WEST INDIES AT CANBERRA 2024,ODI,All-Rounder
48,INDIA,Mohammed SIRAJ,146,155 V AUSTRALIA AT AHMEDABAD 2023,ODI,All-Rounder
49,IRELAND,George DOCKRELL,145,170 V ZIMBABWE AT HOBART 2015,ODI,All-Rounder
50,SCOTLAND,Safyaan SHARIF,145,158 V NAMIBIA AT KIRTIPUR,ODI,All-Rounder
51,NEPAL,Sandeep LAMICHHANE,144,155 V IRELAND AT HARARE 2023,ODI,All-Rounder
52,NAMIBIA,JJ SMIT,143,178 V NEPAL AT NAMIBIA 2022,ODI,All-Rounder
53,AUSTRALIA,Mitchell MARSH,142,313 V NEW ZEALAND AT CANBERRA 2016,ODI,All-Rounder
54,WEST INDIES,Jason HOLDER,141,309 V ZIMBABWE AT HARARE 2018,ODI,All-Rounder
55,ENGLAND,Sam CURRAN,140,161 V NEW ZEALAND AT LORD'S 2023,ODI,All-Rounder
56,PAPUA NEW GUINEA,Chad SOPER,139,164 V USA AT AMINI PARK 2022,ODI,All-Rounder
57,AUSTRALIA,Travis HEAD,138,184 V ENGLAND AT EDGBASTON 2017,ODI,All-Rounder
58,NEPAL,Sompal KAMI,137,143 V ZIMBABWE AT HARARE 2023,ODI,All-Rounder
59,AUSTRALIA,Marcus STOINIS,137,237 V INDIA AT RANCHI 2019,ODI,All-Rounder
60,USA,Nosthush KENJIGE,137,137 V UNITED ARAB EMIRATES AT HARARE 2023,ODI,All-Rounder
61,NAMIBIA,Ruben TRUMPELMANN,137,137 V CANADA AT NAMIBIA 2023,ODI,All-Rounder
62,SOUTH AFRICA,Lungi NGIDI,136,166 V ENGLAND AT MUMBAI 2023,ODI,All-Rounder
63,AUSTRALIA,Mitchell STARC,135,227 V NEW ZEALAND AT MELBOURNE 2015,ODI,All-Rounder
64,NEW ZEALAND,Trent BOULT,132,210 V INDIA AT OLD TRAFFORD 2019,ODI,All-Rounder
65,AUSTRALIA,Cameron GREEN,132,138 V INDIA AT RAJKOT 2023,ODI,All-Rounder
66,AFGHANISTAN,Azmatullah OMARZAI,132,132 V SOUTH AFRICA AT AHMEDABAD 2023,ODI,All-Rounder
67,ENGLAND,Ben STOKES,131,303 V NEW ZEALAND AT LORD'S 2019,ODI,All-Rounder
68,AUSTRALIA,Pat CUMMINS,131,171 V NEW ZEALAND AT LORD'S 2019,ODI,All-Rounder
69,OMAN,Aqib ILYAS,130,169 V NAMIBIA AT NAMIBIA 2021,ODI,All-Rounder
70,INDIA,Jasprit BUMRAH,127,196 V NEW ZEALAND AT OLD TRAFFORD 2019,ODI,All-Rounder
71,NEW ZEALAND,Daryl MITCHELL,125,132 V INDIA AT MUMBAI 2023,ODI,All-Rounder
72,PAPUA NEW GUINEA,Norman VANUA,123,144 V NAMIBIA AT AMINI PARK 2022,ODI,All-Rounder
73,OMAN,Bilal KHAN,123,132 V USA AT TEXAS 2022,ODI,All-Rounder
74,OMAN,KALEEMULLAH,123,136 V USA AT TEXAS 2022,ODI,All-Rounder
75,USA,Nisarg PATEL,123,136 V JERSEY AT NAMIBIA 2023,ODI,All-Rounder
76,WEST INDIES,Akieal HOSEIN,123,148 V SCOTLAND AT HARARE 2023,ODI,All-Rounder
77,SOUTH AFRICA,Andile PHEHLUKWAYO,122,245 V AFGHANISTAN AT CARDIFF 2019,ODI,All-Rounder
78,PAKISTAN,Haris RAUF,122,122 V ENGLAND AT KOLKATA 2023,ODI,All-Rounder
79,SOUTH AFRICA,Tabraiz SHAMSI,121,131 V AUSTRALIA AT POTCHEFSTROOM 2023,ODI,All-Rounder
80,BANGLADESH,Mustafizur RAHMAN,119,189 V WEST INDIES AT SYLHET 2018,ODI,All-Rounder
81,AFGHANISTAN,Gulbadin NAIB,118,191 V IRELAND AT DEHRADUN 2019,ODI,All-Rounder
82,ZIMBABWE,Richard NGARAVA,118,118 V SRI LANKA AT COLOMBO (RPS) 2024,ODI,All-Rounder
83,NEW ZEALAND,Glenn PHILLIPS,118,126 V INDIA AT MUMBAI 2023,ODI,All-Rounder
84,WEST INDIES,Roston CHASE,118,132 V SRI LANKA AT PALLEKELE 2020,ODI,All-Rounder
85,PAKISTAN,Mohammad NAWAZ,117,128 V SRI LANKA AT HYDERABAD 2023,ODI,All-Rounder
86,ENGLAND,Liam LIVINGSTONE,117,117 V WEST INDIES AT BARBADOS 2023,ODI,All-Rounder
87,UNITED ARAB EMIRATES,Basil HAMEED,117,153 V NEPAL AT KIRTIPUR,ODI,All-Rounder
88,USA,Saurabh NETRAVALKAR,116,120 V NETHERLANDS AT HARARE 2023,ODI,All-Rounder
89,IRELAND,Joshua LITTLE,114,116 V ZIMBABWE AT HARARE 2023,ODI,All-Rounder
90,IRELAND,Harry TECTOR,114,126 V OMAN AT BULAWAYO 2023,ODI,All-Rounder
91,AFGHANISTAN,Fazalhaq FAROOQI,114,120 V SRI LANKA AT PUNE 2023,ODI,All-Rounder
92,SRI LANKA,Dilshan MADUSHANKA,114,114 V ZIMBABWE AT COLOMBO (RPS) 2024,ODI,All-Rounder
93,PAPUA NEW GUINEA,Charles AMINI,113,172 V NAMIBIA AT AMINI PARK 2022,ODI,All-Rounder
94,SRI LANKA,Dasun SHANAKA,111,141 V BANGLADESH AT COLOMBO (RPS) 2023,ODI,All-Rounder
95,NEW ZEALAND,Matt HENRY,110,181 V AUSTRALIA AT SYDNEY 2016,ODI,All-Rounder
96,NEPAL,Karan KC,110,110 V INDIA AT PALLEKELE 2023,ODI,All-Rounder
97,NAMIBIA,Jan FRYLINCK,108,163 V PAPUA NEW GUINEA AT AMINI PARK 2022,ODI,All-Rounder
98,PAKISTAN,Hasan ALI,107,194 V NEW ZEALAND AT NELSON 2018,ODI,All-Rounder
99,OMAN,Mohammad NADEEM,105,106 V NETHERLANDS AT HARARE 2023,ODI,All-Rounder
100,WEST INDIES,Romario SHEPHERD,105,114 V AUSTRALIA AT MELBOURNE 2024,ODI,All-Rounder
1,PAK,Babar AZAM,824,898 V WEST INDIES AT MULTAN 2022,ODI,Batter
2,INDIA,Shubman GILL,801,847 V AUSTRALIA AT INDORE 2023,ODI,Batter
3,INDIA,Virat KOHLI,768,909 V ENGLAND AT HEADINGLEY 2018,ODI,Batter
4,INDIA,Rohit SHARMA,746,882 V SRI LANKA AT HEADINGLEY 2019,ODI,Batter
5,NEW ZEALAND,Daryl MITCHELL,728,750 V INDIA AT MUMBAI 2023,ODI,Batter
6,AUSTRALIA,David WARNER,723,869 V PAKISTAN AT ADELAIDE 2017,ODI,Batter
7,IRELAND,Harry TECTOR,723,729 V ZIMBABWE AT HARARE 2023,ODI,Batter
8,ENGLAND,Dawid MALAN,707,730 V NETHERLANDS AT PUNE 2023,ODI,Batter
9,SOUTH AFRICA,Rassie VAN DER DUSSEN,701,796 V ENGLAND AT DURHAM 2022,ODI,Batter
10,SOUTH AFRICA,Heinrich KLAASEN,697,757 V BANGLADESH AT MUMBAI 2023,ODI,Batter
11,INDIA,Shreyas IYER,689,710 V NEW ZEALAND AT MUMBAI 2023,ODI,Batter
12,AFGHANISTAN,Ibrahim ZADRAN,684,692 V AUSTRALIA AT MUMBAI 2023,ODI,Batter
13,PAKISTAN,Fakhar ZAMAN,682,784 V NEW ZEALAND AT RAWALPINDI 2023,ODI,Batter
14,WEST INDIES,Shai HOPE,676,802 V BANGLADESH AT MALAHIDE 2019,ODI,Batter
15,PAKISTAN,IMAM-UL-HAQ,672,815 V WEST INDIES AT MULTAN 2022,ODI,Batter
16,INDIA,KL RAHUL,666,674 V SOUTH AFRICA AT GQEBERHA 2023,ODI,Batter
17,SOUTH AFRICA,David MILLER,654,673 V AUSTRALIA AT KOLKATA 2023,ODI,Batter
18,AUSTRALIA,Travis HEAD,654,679 V INDIA AT AHMEDABAD 2023,ODI,Batter
19,AUSTRALIA,Steve SMITH,644,740 V PAKISTAN AT SYDNEY 2017,ODI,Batter
20,SRI LANKA,Charith ASALANKA,639,654 V ZIMBABWE AT COLOMBO (RPS) 2024,ODI,Batter
21,AUSTRALIA,Marnus LABUSCHAGNE,626,631 V ENGLAND AT AHMEDABAD 2023,ODI,Batter
22,SOUTH AFRICA,Aiden MARKRAM,623,657 V NEW ZEALAND AT PUNE 2023,ODI,Batter
23,AFGHANISTAN,Rahmanullah GURBAZ,622,644 V PAKISTAN AT CHENNAI 2023,ODI,Batter
24,NETHERLANDS,Scott EDWARDS,618,644 V BANGLADESH AT KOLKATA 2023,ODI,Batter
25,NAMIBIA,Gerhard ERASMUS,614,618 V UNITED ARAB EMIRATES AT NAMIBIA 2023,ODI,Batter
26,IRELAND,Paul STIRLING,608,698 V NETHERLANDS AT UTRECHT 2021,ODI,Batter
27,AUSTRALIA,Glenn MAXWELL,600,728 V INDIA AT CANBERRA 2016,ODI,Batter
28,SRI LANKA,Pathum NISSANKA,599,646 V AFGHANISTAN AT PUNE 2023,ODI,Batter
29,ENGLAND,Jos BUTTLER,597,731 V WEST INDIES AT SOUTHAMPTON 2019,ODI,Batter
30,PAKISTAN,Mohammad RIZWAN,597,602 V AUSTRALIA AT BENGALURU 2023,ODI,Batter
31,SOUTH AFRICA,Temba BAVUMA,596,691 V AUSTRALIA AT POTCHEFSTROOM 2023,ODI,Batter
32,BANGLADESH,Mushfiqur RAHIM,594,739 V SRI LANKA AT MIRPUR 2021,ODI,Batter
33,NEW ZEALAND,Tom LATHAM,589,657 V PAKISTAN AT KARACHI 2023,ODI,Batter
34,ZIMBABWE,Sikandar RAZA,587,627 V INDIA AT HARARE 2022,ODI,Batter
35,AFGHANISTAN,Rahmat SHAH,586,635 V SRI LANKA AT PALLEKELE 2022,ODI,Batter
36,NEW ZEALAND,Kane WILLIAMSON,583,792 V SOUTH AFRICA AT CENTURION 2015,ODI,Batter
37,NEW ZEALAND,Will YOUNG,580,581 V BANGLADESH AT NELSON 2023,ODI,Batter
38,ENGLAND,Ben STOKES,576,684 V NEW ZEALAND AT LORD'S 2019,ODI,Batter
39,ENGLAND,Jonny BAIRSTOW,573,796 V INDIA AT PUNE 2021,ODI,Batter
40,ENGLAND,Jason ROY,569,773 V AUSTRALIA AT EDGBASTON 2019,ODI,Batter
41,ENGLAND,Joe ROOT,565,816 V SRI LANKA AT DAMBULLA 2018,ODI,Batter
42,WEST INDIES,Nicholas POORAN,565,634 V IRELAND AT GRENADA 2020,ODI,Batter
43,SRI LANKA,Kusal MENDIS,563,625 V ZIMBABWE AT GALLE 2017,ODI,Batter
44,NEW ZEALAND,Devon CONWAY,562,603 V BANGLADESH AT CHENNAI 2023,ODI,Batter
45,AUSTRALIA,Mitchell MARSH,560,635 V NEW ZEALAND AT CANBERRA 2016,ODI,Batter
46,BANGLADESH,Shakib AL HASAN,554,683 V PAKISTAN AT LORD'S 2019,ODI,Batter
47,SRI LANKA,Sadeera SAMARAWICKRAMA,547,549 V AFGHANISTAN AT PUNE 2023,ODI,Batter
48,AFGHANISTAN,Hashmatullah SHAHIDI,537,549 V NETHERLANDS AT LUCKNOW 2023,ODI,Batter
49,PAPUA NEW GUINEA,Assad VALA,536,550 V NEPAL AT DUBAI 2023,ODI,Batter
50,BANGLADESH,Najmul HOSSAIN SHANTO,536,536 V NEW ZEALAND AT NAPIER 2023,ODI,Batter
51,INDIA,Ishan KISHAN,534,625 V SRI LANKA AT COLOMBO (RPS) 2023,ODI,Batter
52,ZIMBABWE,Sean WILLIAMS,533,571 V SRI LANKA AT BULAWAYO 202,ODI,Batter
53,NEW ZEALAND,Rachin RAVINDRA,532,560 V SRI LANKA AT BENGALURU 2023,ODI,Batter
54,BANGLADESH,Litton DAS,530,627 V ZIMBABWE AT HARARE 2022,ODI,Batter
55,BANGLADESH,MAHMUDULLAH,529,595 V INDIA AT MIRPUR 2022,ODI,Batter
56,SCOTLAND,George MUNSEY,529,587 V NAMIBIA AT GLASGOW 2022,ODI,Batter
57,IRELAND,Andy BALBIRNIE,527,585 V SOUTH AFRICA AT MALAHIDE 2021,ODI,Batter
58,UNITED ARAB EMIRATES,Vriitya ARAVIND,518,538 V OMAN AT BULAWAYO 2023,ODI,Batter
59,USA,Gajanand SINGH,512,512 V UNITED ARAB EMIRATES AT HARARE 2023,ODI,Batter
60,USA,Aaron JONES,510,540 V PAPUA NEW GUINEA AT NAMIBIA 2023,ODI,Batter
61,BANGLADESH,Tamim IQBAL,507,728 V WEST INDIES AT ST KITTS 2018,ODI,Batter
62,SCOTLAND,Kyle COETZER,506,678 V PAPUA NEW GUINEA AT ABERDEEN 2019,ODI,Batter
63,NETHERLANDS,Max O'DOWD,506,517 V WEST INDIES AT HARARE 2023,ODI,Batter
64,AUSTRALIA,Alex CAREY,506,669 V WEST INDIES AT BARBADOS 2021,ODI,Batter
65,OMAN,Aqib ILYAS,501,584 V USA AT KIRTIPUR,ODI,Batter
66,UNITED ARAB EMIRATES,Muhammad WASEEM,500,511 V SRI LANKA AT BULAWAYO 2023,ODI,Batter
67,SCOTLAND,Richie BERRINGTON,496,555 V USA AT TEXAS 2022,ODI,Batter
68,USA,Monank PATEL,493,554 V PAPUA NEW GUINEA AT NAMIBIA 2022,ODI,Batter
69,OMAN,Zeeshan MAQSOOD,487,514 V IRELAND AT BULAWAYO 2023,ODI,Batter
70,SCOTLAND,Michael LEASK,484,491 V ZIMBABWE AT BULAWAYO 2023,ODI,Batter
71,NEW ZEALAND,Glenn PHILLIPS,481,496 V INDIA AT MUMBAI 2023,ODI,Batter
72,NEPAL,Aasif SHEIKH,479,496 V PAPUA NEW GUINEA AT KIRTIPUR,ODI,Batter
73,IRELAND,Curtis CAMPHER,476,476 V ZIMBABWE AT HARARE 2023,ODI,Batter
74,OMAN,Ayaan KHAN,476,476 V WEST INDIES AT HARARE 2023,ODI,Batter
75,UNITED ARAB EMIRATES,Asif KHAN,476,476 V USA AT HARARE 2023,ODI,Batter
76,AFGHANISTAN,Azmatullah OMARZAI,469,469 V SOUTH AFRICA AT AHMEDABAD 2023,ODI,Batter
77,OMAN,Kashyap PRAJAPATI,464,464 V WEST INDIES AT HARARE 2023,ODI,Batter
78,NEW ZEALAND,Henry NICHOLLS,463,596 V BANGLADESH AT DUNEDIN 2021,ODI,Batter
79,USA,Steven TAYLOR,462,501 V JERSEY AT NAMIBIA 2023,ODI,Batter
80,NEPAL,Rohit PAUDEL,461,519 V PAPUA NEW GUINEA AT DUBAI 2023,ODI,Batter
81,ZIMBABWE,Craig ERVINE,460,522 V AFGHANISTAN AT BULAWAYO 2015,ODI,Batter
82,AFGHANISTAN,Najibullah ZADRAN,460,555 V SRI LANKA AT HAMBANTOTA 2023,ODI,Batter
83,AFGHANISTAN,Mohammad NABI,459,550 V BANGLADESH AT MIRPUR 2016,ODI,Batter
84,NAMIBIA,Michael VAN LINGEN,457,465 V UNITED ARAB EMIRATES AT NAMIBIA 2023,ODI,Batter
85,SOUTH AFRICA,Tony DE ZORZI,456,456 V INDIA AT PAARL 2023,ODI,Batter
86,OMAN,Jatinder SINGH,453,506 V UNITED ARAB EMIRATES AT KATHMANDU,ODI,Batter
87,IRELAND,George DOCKRELL,452,460 V ZIMBABWE AT HARARE 2023,ODI,Batter
88,PAKISTAN,Iftikhar AHMED,448,457 V NEW ZEALAND AT BENGALURU 2023,ODI,Batter
89,INDIA,Shikhar DHAWAN,447,807 V PAKISTAN AT DUBAI 2018,ODI,Batter
90,BANGLADESH,Towhid HRIDOY,447,452 V NEW ZEALAND AT DUNEDIN 2023,ODI,Batter
91,SCOTLAND,Brandon MCMULLEN,445,445 V NETHERLANDS AT BULAWAYO 2023,ODI,Batter
92,WEST INDIES,Brandon KING,444,471 V OMAN AT HARARE 2023,ODI,Batter
93,INDIA,Hardik PANDYA,438,561 V SRI LANKA AT COLOMBO (RPS) 2021,ODI,Batter
94,PAKISTAN,Haris SOHAIL,434,618 V ZIMBABWE AT RAWALPINDI 2020,ODI,Batter
95,NETHERLANDS,Teja NIDAMANURU,434,443 V WEST INDIES AT HARARE 2023,ODI,Batter
96,NETHERLANDS,Vikramjit SINGH,432,467 V PAKISTAN AT HYDERABAD 2023,ODI,Batter
97,NEPAL,Kushal BHURTEL,432,432 V INDIA AT PALLEKELE 2023,ODI,Batter
98,PAPUA NEW GUINEA,Tony URA,431,444 V NAMIBIA AT LAUDERHILL 2019,ODI,Batter
99,BANGLADESH,Mehidy HASAN,431,462 V INDIA AT MIRPUR 2022,ODI,Batter
100,SCOTLAND,Matthew CROSS,430,446 V UNITED ARAB EMIRATES AT ABERDEEN 2022,ODI,Batter
1,SOUTH AFRICA,Keshav MAHARAJ,716,741 V AUSTRALIA AT KOLKATA 2023,ODI,Bowler
2,AUSTRALIA,Josh HAZLEWOOD,688,727 V ENGLAND AT MELBOURNE 2022,ODI,Bowler
3,AUSTRALIA,Adam ZAMPA,686,695 V BANGLADESH AT PUNE 2023,ODI,Bowler
4,INDIA,Mohammed SIRAJ,678,736 V NEW ZEALAND AT RAIPUR 2023,ODI,Bowler
5,AFGHANISTAN,Rashid KHAN,667,799 V PAKISTAN AT ABU DHABI 2018,ODI,Bowler
6,INDIA,Jasprit BUMRAH,665,838 V WEST INDIES AT TRIVANDRUM 2018,ODI,Bowler
7,PAKISTAN,Shaheen AFRIDI,650,688 V WEST INDIES AT MULTAN 2022,ODI,Bowler
8,AFGHANISTAN,Mohammad NABI,648,657 V ZIMBABWE AT HARARE 2022,ODI,Bowler
9,SRI LANKA,Maheesh THEEKSHANA,648,648 V ZIMBABWE AT COLOMBO (RPS) 2024,ODI,Bowler
10,INDIA,Kuldeep YADAV,645,760 V NEW ZEALAND AT BAY OVAL 2019,ODI,Bowler
11,NEW ZEALAND,Trent BOULT,643,775 V AUSTRALIA AT CAIRNS 2022,ODI,Bowler
12,INDIA,Mohammed SHAMI,629,657 V NEW ZEALAND AT MUMBAI 2023,ODI,Bowler
13,AFGHANISTAN,Mujeeb UR RAHMAN,621,713 V IRELAND AT ABU DHABI 2021,ODI,Bowler
14,SCOTLAND,Mark WATT,611,622 V WEST INDIES AT HARARE 2023,ODI,Bowler
15,AUSTRALIA,Mitchell STARC,604,781 V NEW ZEALAND AT MELBOURNE 2015,ODI,Bowler
16,SOUTH AFRICA,Kagiso RABADA,599,718 V ENGLAND AT LORD'S 2017,ODI,Bowler
17,ENGLAND,Chris WOAKES,596,711 V SRI LANKA AT BRISTOL 2021,ODI,Bowler
18,NEW ZEALAND,Matt HENRY,593,691 V BANGLADESH AT WELLINGTON 2021,ODI,Bowler
19,NAMIBIA,Bernard SCHOLTZ,589,589 V CANADA AT NAMIBIA 2023,ODI,Bowler
20,USA,Saurabh NETRAVALKAR,586,597 V NEPAL AT HARARE 2023,ODI,Bowler
21,NEW ZEALAND,Mitchell SANTNER,582,648 V ENGLAND AT HAMILTON 2018,ODI,Bowler
22,INDIA,Ravindra JADEJA,572,732 V ZIMBABWE AT BULAWAYO 2013,ODI,Bowler
23,IRELAND,Mark ADAIR,566,566 V ZIMBABWE AT HARARE 2023,ODI,Bowler
24,PAKISTAN,Haris RAUF,563,593 V SRI LANKA AT HYDERABAD 2023,ODI,Bowler
25,BANGLADESH,Shakib AL HASAN,561,715 V ZIMBABWE AT CHITTAGONG 2009,ODI,Bowler
26,ZIMBABWE,Richard NGARAVA,548,553 V SRI LANKA AT COLOMBO (RPS) 2024,ODI,Bowler
27,IRELAND,Andy MCBRINE,546,646 V WEST INDIES AT JAMAICA 2022,ODI,Bowler
28,AUSTRALIA,Pat CUMMINS,545,725 V SRI LANKA AT THE OVAL 2019,ODI,Bowler
29,ENGLAND,Adil RASHID,541,674 V INDIA AT HEADINGLEY 2018,ODI,Bowler
30,NEPAL,Sandeep LAMICHHANE,539,595 V PAPUA NEW GUINEA AT KIRTIPUR,ODI,Bowler
31,SOUTH AFRICA,Marco JANSEN,537,586 V NEW ZEALAND AT PUNE 2023,ODI,Bowler
32,SOUTH AFRICA,Lungi NGIDI,535,622 V AUSTRALIA AT BLOEMFONTEIN 2020,ODI,Bowler
33,AUSTRALIA,Sean ABBOTT,530,530 V WEST INDIES AT CANBERRA 2024,ODI,Bowler
34,WEST INDIES,Akeal HOSEIN,530,597 V SOUTH AFRICA AT POTCHEFSTROOM 2023,ODI,Bowler
35,IRELAND,Joshua LITTLE,528,533 V ZIMBABWE AT HARARE 2023,ODI,Bowler
36,BANGLADESH,Shoriful ISLAM,523,523 V NEW ZEALAND AT NAPIER 2023,ODI,Bowler
37,SRI LANKA,Dilshan MADUSHANKA,519,535 V BANGLADESH AT DELHI 2023,ODI,Bowler
38,AFGHANISTAN,Fazalhaq FAROOQI,516,544 V PAKISTAN AT HAMBANTOTA 2023,ODI,Bowler
39,ENGLAND,Reece TOPLEY,515,558 V SOUTH AFRICA AT MUMBAI 2023,ODI,Bowler
40,SRI LANKA,Wanindu HASARANGA,514,582 V OMAN AT BULAWAYO 2023,ODI,Bowler
41,SCOTLAND,Chris SOLE,509,511 V ZIMBABWE AT BULAWAYO 2023,ODI,Bowler
42,NAMIBIA,Ruben TRUMPELMANN,508,510 V JERSEY AT NAMIBIA 2023,ODI,Bowler
43,PAKISTAN,Mohammad WASIM,505,505 V ENGLAND AT KOLKATA 2023,ODI,Bowler
44,WEST INDIES,Alzarri JOSEPH,503,625 V SOUTH AFRICA AT POTCHEFSTROOM 2023,ODI,Bowler
45,BANGLADESH,Mehidy HASAN,502,725 V SRI LANKA AT MIRPUR 2021,ODI,Bowler
46,NETHERLANDS,Logan VAN BEEK,501,533 V AFGHANISTAN AT LUCKNOW 2023,ODI,Bowler
47,SOUTH AFRICA,Tabraiz SHAMSI,500,597 V BANGLADESH AT JOHANNESBURG 2022,ODI,Bowler
48,UNITED ARAB EMIRATES,Aayan KHAN,500,517 V SRI LANKA AT BULAWAYO 2023,ODI,Bowler
49,OMAN,Bilal KHAN,499,546 V USA AT TEXAS 2022,ODI,Bowler
50,BANGLADESH,Mustafizur RAHMAN,497,693 V WEST INDIES AT SYLHET 2018,ODI,Bowler
51,ENGLAND,Jofra ARCHER,497,642 V AUSTRALIA AT OLD TRAFFORD 2020,ODI,Bowler
52,NETHERLANDS,Aryan DUTT,493,505 V BANGLADESH AT KOLKATA 2023,ODI,Bowler
53,ZIMBABWE,Sikandar RAZA,492,492 V SRI LANKA AT COLOMBO (RPS) 2024,ODI,Bowler
54,WEST INDIES,Gudakesh MOTIE,486,516 V AUSTRALIA AT SYDNEY 2024,ODI,Bowler
55,IRELAND,Craig YOUNG,484,496 V ZIMBABWE AT HARARE 2023,ODI,Bowler
56,NEW ZEALAND,Lockie FERGUSON,484,667 V WEST INDIES AT OLD TRAFFORD 2019,ODI,Bowler
57,OMAN,Zeeshan MAQSOOD,483,510 V UNITED ARAB EMIRATES AT BULAWAYO 2023,ODI,Bowler
58,OMAN,KALEEMULLAH,481,481 V WEST INDIES AT HARARE 2023,ODI,Bowler
59,ZIMBABWE,Blessing MUZARABANI,480,515 V AFGHANISTAN AT HARARE 2022,ODI,Bowler
60,USA,Nosthush KENJIGE,479,479 V UNITED ARAB EMIRATES AT HARARE 2023,ODI,Bowler
61,SCOTLAND,Safyaan SHARIF,477,543 V ENGLAND AT EDINBURGH 2018,ODI,Bowler
62,UNITED ARAB EMIRATES,Rohan MUSTAFA,473,523 V WEST INDIES AT SHARJAH 2023,ODI,Bowler
63,PAKISTAN,Mohammad NAWAZ,468,549 V NEW ZEALAND AT KARACHI 2023,ODI,Bowler
64,SOUTH AFRICA,Gerald COETZEE,465,479 V AUSTRALIA AT KOLKATA 2023,ODI,Bowler
65,PAPUA NEW GUINEA,Assad VALA,464,467 V NEPAL AT DUBAI 2023,ODI,Bowler
66,PAPUA NEW GUINEA,Chad SOPER,462,488 V UNITED ARAB EMIRATES AT DUBAI 2023,ODI,Bowler
67,BANGLADESH,Taskin AHMED,458,528 V WEST INDIES AT GUYANA 2022,ODI,Bowler
68,NEPAL,Dipendra SINGH AIREE,458,482 V USA AT HARARE 2023,ODI,Bowler
69,ENGLAND,Mark WOOD,447,609 V AFGHANISTAN AT OLD TRAFFORD 2019,ODI,Bowler
70,UNITED ARAB EMIRATES,Zahoor KHAN,446,490 V WEST INDIES AT SHARJAH 2023,ODI,Bowler
71,INDIA,Shardul THAKUR,440,546 V WEST INDIES AT TRINIDAD 2023,ODI,Bowler
72,UNITED ARAB EMIRATES,Junaid SIDDIQUE,439,440 V NEPAL AT HARARE 2023,ODI,Bowler
73,SCOTLAND,Michael LEASK,431,439 V NAMIBIA AT KIRTIPUR,ODI,Bowler
74,ENGLAND,Moeen ALI,431,623 V AUSTRALIA AT OLD TRAFFORD 2018,ODI,Bowler
75,PAKISTAN,Naseem SHAH,429,474 V INDIA AT COLOMBO (RPS) 2023,ODI,Bowler
76,NETHERLANDS,Fred KLAASSEN,427,507 V SOUTH AFRICA AT JOHANNESBURG 2023,ODI,Bowler
77,INDIA,Hardik PANDYA,424,549 V SOUTH AFRICA AT CENTURION 2018,ODI,Bowler
78,ENGLAND,Sam CURRAN,424,454 V BANGLADESH AT CHITTAGONG 2023,ODI,Bowler
79,NAMIBIA,Tangeni LUNGAMENI,421,443 V UNITED ARAB EMIRATES AT DUBAI 2023,ODI,Bowler
80,NEPAL,Karan KC,418,424 V PAKISTAN AT MULTAN 2023,ODI,Bowler
81,PAKISTAN,Shadab KHAN,418,599 V SOUTH AFRICA AT DURBAN 2019,ODI,Bowler
82,IRELAND,Graham HUME,418,418 V ZIMBABWE AT HARARE 2023,ODI,Bowler
83,SRI LANKA,Dushmantha CHAMEERA,417,552 V AUSTRALIA AT PALLEKELE 2022,ODI,Bowler
84,SCOTLAND,Brandon MCMULLEN,417,417 V NETHERLANDS AT BULAWAYO 2023,ODI,Bowler
85,SRI LANKA,Kasun RAJITHA,415,459 V AFGHANISTAN AT PUNE 2023,ODI,Bowler
86,PAKISTAN,Hasan ALI,415,764 V NEW ZEALAND AT WELLINGTON 2018,ODI,Bowler
87,NETHERLANDS,Paul VAN MEEKEREN,414,437 V BANGLADESH AT KOLKATA 2023,ODI,Bowler
88,NEW ZEALAND,Ish SODHI,412,565 V INDIA AT BAY OVAL 2019,ODI,Bowler
89,NEW ZEALAND,Tim SOUTHEE,411,632 V ENGLAND AT WELLINGTON 2015,ODI,Bowler
90,NEPAL,Sompal KAMI,409,457 V PAPUA NEW GUINEA AT KIRTIPUR,ODI,Bowler
91,USA,Nisarg PATEL,409,414 V JERSEY AT NAMIBIA 2023,ODI,Bowler
92,WEST INDIES,Jason HOLDER,404,607 V ZIMBABWE AT HARARE 2018,ODI,Bowler
93,NEPAL,Lalit RAJBANSHI,399,403 V PAKISTAN AT MULTAN 2023,ODI,Bowler
94,AUSTRALIA,Glenn MAXWELL,396,479 V ENGLAND AT HEADINGLEY 2015,ODI,Bowler
95,BANGLADESH,Taijul ISLAM,393,502 V ENGLAND AT CHITTAGONG 2023,ODI,Bowler
96,NETHERLANDS,Bas DE LEEDE,390,390 V INDIA AT BENGALURU 2023,ODI,Bowler
97,INDIA,Yuzvendra CHAHAL,387,724 V NEW ZEALAND AT NAPIER 2019,ODI,Bowler
98,SRI LANKA,Dhananjaya DE SILVA,385,480 V AFGHANISTAN AT HAMBANTOTA 2023,ODI,Bowler
99,SCOTLAND,Hamza TAHIR,385,484 V NEPAL AT GLASGOW 2022,ODI,Bowler
100,SOUTH AFRICA,Anrich NORTJE,385,479 V NETHERLANDS AT BENONI 2023,ODI,Bowler
1,BANGLADESH,Shakib AL HASAN,256,409 V PAKISTAN AT MIRPUR 2015,T20,All-Rounder
2,SOUTH AFRICA,Aiden MARKRAM,205,212 V INDIA AT GQEBERHA 2023,T20,All-Rounder
3,AFGHANISTAN,Mohammad NABI,203,355 V BANGLADESH AT MIRPUR 2019,T20,All-Rounder
4,ZIMBABWE,Sikandar RAZA,202,205 V SRI LANKA AT COLOMBO (RPS) 2024,T20,All-Rounder
5,AUSTRALIA,Marcus STOINIS,187,202 V INDIA AT TRIVANDRUM 2023,T20,All-Rounder
6,INDIA,Hardik PANDYA,185,266 V WEST INDIES AT GUYANA 2023,T20,All-Rounder
7,ENGLAND,Liam LIVINGSTONE,175,179 V NEW ZEALAND AT ABU DHABI 2021,T20,All-Rounder
8,ENGLAND,Moeen ALI,173,224 V SOUTH AFRICA AT CARDIFF 2022,T20,All-Rounder
9,SRI LANKA,Wanindu HASARANGA,170,186 V NEW ZEALAND AT DUNEDIN 2023,T20,All-Rounder
10,NAMIBIA,JJ SMIT,167,197 V ZIMBABWE AT NAMIBIA 2023,T20,All-Rounder
11,NAMIBIA,Gerhard ERASMUS,163,188 V ZIMBABWE AT NAMIBIA 2023,T20,All-Rounder
12,PAKISTAN,Shadab KHAN,157,195 V AFGHANISTAN AT SHARJAH 2023,T20,All-Rounder
13,AUSTRALIA,Glenn MAXWELL,142,368 V SRI LANKA AT COLOMBO (RPS) 2016,T20,All-Rounder
14,NEW ZEALAND,Mitchell SANTNER,132,136 V PAKISTAN AT DUNEDIN 2024,T20,All-Rounder
15,WEST INDIES,Romario SHEPHERD,129,140 V ENGLAND AT BARBADOS 2023,T20,All-Rounder
16,INDIA,Axar PATEL,124,127 V AFGHANISTAN AT INDORE 2024,T20,All-Rounder
17,OMAN,Zeeshan MAQSOOD,124,172 V CANADA AT OMAN 2022,T20,All-Rounder
18,NETHERLANDS,Bas DE LEEDE,123,123 V SOUTH AFRICA AT ADELAIDE 2022,T20,All-Rounder
19,ZIMBABWE,Sean WILLIAMS,121,225 V NEPAL AT SINGAPORE 2019,T20,All-Rounder
20,PAKISTAN,Mohammad NAWAZ,120,131 V SOUTH AFRICA AT SYDNEY 2022,T20,All-Rounder
21,IRELAND,Gareth DELANY,117,170 V AFGHANISTAN AT GREATER NOIDA 2020,T20,All-Rounder
22,IRELAND,Curtis CAMPHER,117,126 V ITALY AT EDINBURGH 2023,T20,All-Rounder
23,PAKISTAN,Iftikhar AHMED,114,122 V BANGLADESH AT ADELAIDE 2022,T20,All-Rounder
24,WEST INDIES,Jason HOLDER,109,113 V INDIA AT TRINIDAD 2023,T20,All-Rounder
25,PAPUA NEW GUINEA,Charles AMINI,106,140 V NEPAL AT KIRTIPUR,T20,All-Rounder
26,AFGHANISTAN,Rashid KHAN,104,125 V BANGLADESH AT SYLHET 2023,T20,All-Rounder
27,ZIMBABWE,Ryan BURL,104,154 V IRELAND AT BREADY 2021,T20,All-Rounder
28,IRELAND,Mark ADAIR,101,102 V ZIMBABWE AT HARARE 2023,T20,All-Rounder
29,SRI LANKA,Dhananjaya DE SILVA,100,103 V INDIA AT MUMBAI 2023,T20,All-Rounder
30,AUSTRALIA,Mitchell MARSH,98,154 V BANGLADESH AT MIRPUR 2021,T20,All-Rounder
31,AFGHANISTAN,Karim JANAT,98,115 V INDIA AT ABU DHABI 2021,T20,All-Rounder
32,SRI LANKA,Dasun SHANAKA,97,105 V NEW ZEALAND AT AUCKLAND 2023,T20,All-Rounder
33,NEW ZEALAND,James NEESHAM,96,111 V UNITED ARAB EMIRATES AT DUBAI 2023,T20,All-Rounder
34,NETHERLANDS,Colin ACKERMANN,93,93 V SOUTH AFRICA AT ADELAIDE 2022,T20,All-Rounder
35,PAPUA NEW GUINEA,Norman VANUA,92,155 V SINGAPORE AT SINGAPORE 2022,T20,All-Rounder
36,NAMIBIA,Jan FRYLINCK,92,97 V KENYA AT NAMIBIA 2023,T20,All-Rounder
37,SCOTLAND,Richie BERRINGTON,91,204 V IRELAND AT MALAHIDE 2019,T20,All-Rounder
38,AFGHANISTAN,Gulbadin NAIB,87,92 V IRELAND AT GREATER NOIDA 2020,T20,All-Rounder
39,SCOTLAND,Michael LEASK,87,90 V GERMANY AT EDINBURGH 2023,T20,All-Rounder
40,UNITED ARAB EMIRATES,Rohan MUSTAFA,87,174 V JERSEY AT ABU DHABI 2019,T20,All-Rounder
41,WEST INDIES,Akeal HOSEIN,84,84 V ENGLAND AT TRINIDAD 2023,T20,All-Rounder
42,ENGLAND,Sam CURRAN,81,82 V WEST INDIES AT GRENADA 2023,T20,All-Rounder
43,ZIMBABWE,Wessly MADHEVERE,80,127 V BANGLADESH AT HARARE 2022,T20,All-Rounder
44,BANGLADESH,Mahedi HASAN,79,104 V AFGHANISTAN AT SHARJAH 2022,T20,All-Rounder
45,WEST INDIES,Andre RUSSELL,77,112 V AUSTRALIA AT ST LUCIA 2021,T20,All-Rounder
46,UNITED ARAB EMIRATES,Ali NASEER,74,74 V AFGHANISTAN AT SHARJAH 2024,T20,All-Rounder
47,SRI LANKA,Chamika KARUNARATNE,72,87 V INDIA AT PUNE 2023,T20,All-Rounder
48,AFGHANISTAN,Azmatullah OMARZAI,71,75 V INDIA AT MOHALI 2024,T20,All-Rounder
49,BANGLADESH,Afif HOSSAIN,70,77 V UNITED ARAB EMIRATES AT DUBAI 2022,T20,All-Rounder
50,ENGLAND,Chris JORDAN,68,112 V SOUTH AFRICA AT SOUTHAMPTON 2022,T20,All-Rounder
51,ENGLAND,Ben STOKES,66,123 V INDIA AT AHMEDABAD 2021,T20,All-Rounder
52,PAPUA NEW GUINEA,Assad VALA,66,131 V BANGLADESH AT OMAN 2021,T20,All-Rounder
53,INDIA,Washington SUNDAR,66,66 V AFGHANISTAN AT BENGALURU 2024,T20,All-Rounder
54,UNITED ARAB EMIRATES,Basil HAMEED,62,65 V NEPAL AT KATHMANDU,T20,All-Rounder
55,IRELAND,Harry TECTOR,60,70 V BANGLADESH AT CHITTAGONG 2023,T20,All-Rounder
56,SCOTLAND,Chris GREAVES,60,72 V WEST INDIES AT HOBART 2022,T20,All-Rounder
57,WEST INDIES,Odean SMITH,59,71 V SOUTH AFRICA AT CENTURION 2023,T20,All-Rounder
58,NETHERLANDS,Roelof VAN DER MERWE,58,113 V PAPUA NEW GUINEA AT DUBAI 2019,T20,All-Rounder
59,WEST INDIES,Rovman POWELL,56,57 V ENGLAND AT GRENADA 2023,T20,All-Rounder
60,NEW ZEALAND,Glenn PHILLIPS,56,68 V INDIA AT LUCKNOW 2023,T20,All-Rounder
61,JERSEY,Benjamin WARD,55,59 V IRELAND AT EDINBURGH 2023,T20,All-Rounder
62,OMAN,Aqib ILYAS,54,54 V NEPAL AT KIRTIPUR,T20,All-Rounder
63,NEPAL,Kushal MALLA,54,54 V OMAN AT KIRTIPUR,T20,All-Rounder
64,AUSTRALIA,Cameron GREEN,54,67 V ENGLAND AT PERTH 2022,T20,All-Rounder
65,IRELAND,Paul STIRLING,53,204 V UNITED ARAB EMIRATES AT SYLHET 2014,T20,All-Rounder
66,ZIMBABWE,Luke JONGWE,53,72 V WEST INDIES AT HOBART 2022,T20,All-Rounder
67,INDIA,Shivam DUBE,53,57 V AFGHANISTAN AT INDORE 2024,T20,All-Rounder
68,WEST INDIES,Kyle MAYERS,52,53 V ENGLAND AT TRINIDAD 2023,T20,All-Rounder
69,UNITED ARAB EMIRATES,Aayan KHAN,52,52 V AFGHANISTAN AT SHARJAH 2024,T20,All-Rounder
70,PAPUA NEW GUINEA,Sese BAU,49,62 V USA AT BULAWAYO 2022,T20,All-Rounder
71,IRELAND,Barry MCCARTHY,49,53 V INDIA AT MALAHIDE 2023,T20,All-Rounder
72,HONG KONG,Yasim MURTAZA,49,49 V UNITED ARAB EMIRATES AT KATHMANDU,T20,All-Rounder
73,NEW ZEALAND,Daryl MITCHELL,47,52 V SRI LANKA AT DUNEDIN 2023,T20,All-Rounder
74,IRELAND,George DOCKRELL,46,60 V ZIMBABWE AT HARARE 2023,T20,All-Rounder
75,NEPAL,Dipendra SINGH AIREE,45,161 V KENYA AT NAIROBI 2022,T20,All-Rounder
76,KUWAIT,Mohammed ASLAM,45,45 V BAHRAIN AT KATHMANDU,T20,All-Rounder
77,BANGLADESH,Mehidy HASAN,44,60 V ENGLAND AT MIRPUR 2023,T20,All-Rounder
78,NEW ZEALAND,Mark CHAPMAN,43,46 V PAKISTAN AT AUCKLAND 2024,T20,All-Rounder
79,BANGLADESH,Mosaddek HOSSAIN,43,63 V ZIMBABWE AT BRISBANE 2022,T20,All-Rounder
80,INDIA,Virat KOHLI,42,152 V ENGLAND AT EDGBASTON 2014,T20,All-Rounder
81,SOUTH AFRICA,Wayne PARNELL,42,51 V PAKISTAN AT SYDNEY 2022,T20,All-Rounder
82,SCOTLAND,Mark WATT,42,49 V JERSEY AT EDINBURGH 2023,T20,All-Rounder
83,NEW ZEALAND,Tim SOUTHEE,41,63 V ENGLAND AT AUCKLAND 2019,T20,All-Rounder
84,BAHRAIN,Sarfaraz ALI,41,51 V SINGAPORE AT BANGI,T20,All-Rounder
85,NEW ZEALAND,Michael BRACEWELL,41,69 V PAKISTAN AT CHRISTCHURCH 2022,T20,All-Rounder
86,MALAYSIA,Virandeep SINGH,40,42 V OMAN AT KIRTIPUR,T20,All-Rounder
87,UGANDA,Alpesh RAMJANI,40,43 V RWANDA AT BENONI 2023,T20,All-Rounder
88,SOUTH AFRICA,Keshav MAHARAJ,39,39 V INDIA AT JOHANNESBURG 2023,T20,All-Rounder
89,BERMUDA,Kamau LEVEROCK,39,48 V ARGENTINA AT ANTIGUA 2021,T20,All-Rounder
90,INDIA,Ravindra JADEJA,38,70 V HONG KONG AT DUBAI 2022,T20,All-Rounder
91,INDIA,Deepak HOODA,38,59 V NEW ZEALAND AT LUCKNOW 2023,T20,All-Rounder
92,KENYA,Rakep PATEL,37,55 V UGANDA AT RWANDA 2021,T20,All-Rounder
93,SOUTH AFRICA,Kagiso RABADA,37,43 V INDIA AT PERTH 2022,T20,All-Rounder
94,NETHERLANDS,Max O'DOWD,37,47 V KENYA AT DUBAI (GCA) 2019,T20,All-Rounder
95,WEST INDIES,Alzarri JOSEPH,37,40 V ENGLAND AT GRENADA 2023,T20,All-Rounder
96,NEPAL,Gulshan JHA,37,37 V OMAN AT KIRTIPUR,T20,All-Rounder
97,BERMUDA,Delray RAWLINS,36,86 V BELGIUM AT ANTIGUA 2021,T20,All-Rounder
98,ROMANIA,Taranjeet SINGH,35,50 V CYPRUS AT VANTAA,T20,All-Rounder
99,BANGLADESH,Soumya SARKAR,34,103 V ZIMBABWE AT HARARE 2021,T20,All-Rounder
100,UGANDA,Dinesh NAKRANI,34,54 V PAPUA NEW GUINEA AT BULAWAYO 2022,T20,All-Rounder
1,INDIA,Suryakumar YADAV,861,910 V NEW ZEALAND AT RANCHI 2023,T20,Batter
2,ENGLAND,Phil SALT,802,802 V WEST INDIES AT TRINIDAD 2023,T20,Batter
3,PAKISTAN,Mohammad RIZWAN,800,875 V ENGLAND AT LAHORE 2022,T20,Batter
4,PAKISTAN,Babar AZAM,764,896 V ENGLAND AT CARDIFF 2019,T20,Batter
5,SOUTH AFRICA,Aiden MARKRAM,755,796 V ENGLAND AT SHARJAH 2021,T20,Batter
6,INDIA,Yashasvi JAISWAL,714,739 V AFGHANISTAN AT INDORE 2024,T20,Batter
7,NEW ZEALAND,Finn ALLEN,706,723 V PAKISTAN AT DUNEDIN 2024,T20,Batter
8,SOUTH AFRICA,Rilee ROSSOUW,689,724 V WEST INDIES AT JOHANNESBURG 2023,T20,Batter
9,ENGLAND,Jos BUTTLER,680,687 V WEST INDIES AT TRINIDAD 2023,T20,Batter
10,SOUTH AFRICA,Reeza HENDRICKS,660,674 V INDIA AT GQEBERHA 2023,T20,Batter
11,ENGLAND,Dawid MALAN,657,915 V SOUTH AFRICA AT CAPE TOWN 2020,T20,Batter
12,INDIA,Ruturaj GAIKWAD,654,700 V AUSTRALIA AT RAIPUR 2023,T20,Batter
13,WEST INDIES,Nicholas POORAN,646,667 V BANGLADESH AT GUYANA 2022,T20,Batter
14,WEST INDIES,Brandon KING,645,688 V ENGLAND AT GRENADA 2023,T20,Batter
15,NEW ZEALAND,Glenn PHILLIPS,640,703 V ENGLAND AT BRISBANE 2022,T20,Batter
16,UNITED ARAB EMIRATES,Muhammad WASEEM,637,716 V AFGHANISTAN AT ABU DHABI 2023,T20,Batter
17,AUSTRALIA,Mitchell MARSH,613,652 V SOUTH AFRICA AT DURBAN 2023,T20,Batter
18,SOUTH AFRICA,Quinton DE KOCK,610,671 V SRI LANKA AT COLOMBO (RPS) 2021,T20,Batter
19,AFGHANISTAN,Rahmanullah GURBAZ,599,620 V ZIMBABWE AT ABU DHABI 2021,T20,Batter
20,NEW ZEALAND,Tim SEIFERT,593,685 V PAKISTAN AT NAPIER 2020,T20,Batter
21,SRI LANKA,Pathum NISSANKA,587,698 V PAKISTAN AT DUBAI 2022,T20,Batter
22,ENGLAND,Alex HALES,581,866 V INDIA AT EDGBASTON 2014,T20,Batter
23,NEW ZEALAND,Devon CONWAY,580,831 V AUSTRALIA AT SYDNEY 2022,T20,Batter
24,BANGLADESH,Litton DAS,569,590 V IRELAND AT CHITTAGONG 2023,T20,Batter
25,SCOTLAND,Richie BERRINGTON,557,587 V OMAN AT OMAN 2021,T20,Batter
26,AFGHANISTAN,Ibrahim ZADRAN,556,556 V INDIA AT BENGALURU 2024,T20,Batter
27,NEW ZEALAND,Daryl MITCHELL,554,582 V SRI LANKA AT AUCKLAND 2023,T20,Batter
27,SRI LANKA,Charith ASALANKA,554,594 V AUSTRALIA AT PALLEKELE 2022,T20,Batter
29,SCOTLAND,George MUNSEY,550,599 V NETHERLANDS AT MALAHIDE 2019,T20,Batter
29,WEST INDIES,Rovman POWELL,550,563 V ENGLAND AT GRENADA 2023,T20,Batter
31,AUSTRALIA,Travis HEAD,548,548 V INDIA AT BENGALURU 2023,T20,Batter
31,INDIA,Rinku SINGH,548,548 V AFGHANISTAN AT BENGALURU 2024,T20,Batter
33,SRI LANKA,Kusal MENDIS,544,559 V NEW ZEALAND AT QUEENSTOWN 2023,T20,Batter
34,BANGLADESH,Najmul HOSSAIN SHANTO,543,593 V ENGLAND AT MIRPUR 2023,T20,Batter
35,AUSTRALIA,Glenn MAXWELL,536,838 V SRI LANKA AT ADELAIDE 2019,T20,Batter
36,AUSTRALIA,Josh INGLIS,535,595 V INDIA AT VISAKHAPATNAM 2023,T20,Batter
37,SOUTH AFRICA,David MILLER,533,588 V SRI LANKA AT CAPE TOWN 2019,T20,Batter
38,ENGLAND,Harry BROOK,531,561 V NEW ZEALAND AT OLD TRAFFORD 2023,T20,Batter
38,WEST INDIES,Kyle MAYERS,531,553 V ENGLAND AT GRENADA 2023,T20,Batter
40,ENGLAND,Liam LIVINGSTONE,526,546 V PAKISTAN AT HEADINGLEY 2021,T20,Batter
41,NEW ZEALAND,Mark CHAPMAN,523,561 V ENGLAND AT TRENT BRIDGE 2023,T20,Batter
42,IRELAND,Paul STIRLING,521,599 V UNITED ARAB EMIRATES AT DUBAI (GCA) 2021,T20,Batter
43,AUSTRALIA,Marcus STOINIS,517,531 V INDIA AT TRIVANDRUM 2023,T20,Batter
43,NETHERLANDS,Max O'DOWD,517,549 V KENYA AT DUBAI (GCA) 2019,T20,Batter
45,ENGLAND,Jonny BAIRSTOW,514,624 V SOUTH AFRICA AT CAPE TOWN 2020,T20,Batter
46,INDIA,Virat KOHLI,511,897 V ENGLAND AT EDGBASTON 2014,T20,Batter
47,AFGHANISTAN,Najibullah ZADRAN,498,556 V IRELAND AT ABU DHABI 2017,T20,Batter
48,SRI LANKA,Dasun SHANAKA,495,517 V INDIA AT RAJKOT 2023,T20,Batter
49,INDIA,Rohit SHARMA,492,719 V WEST INDIES AT LUCKNOW 2018,T20,Batter
50,AFGHANISTAN,Mohammad NABI,490,569 V BANGLADESH AT MIRPUR 2019,T20,Batter
50,WEST INDIES,Johnson CHARLES,490,604 V SOUTH AFRICA AT CENTURION 2023,T20,Batter
52,ENGLAND,Moeen ALI,484,525 V AUSTRALIA AT CANBERRA 2022,T20,Batter
52,INDIA,Ishan KISHAN,484,717 V IRELAND AT MALAHIDE 2022,T20,Batter
54,SRI LANKA,Bhanuka RAJAPAKSA,482,543 V ENGLAND AT SYDNEY 2022,T20,Batter
55,AUSTRALIA,David WARNER,481,826 V WEST INDIES AT ST LUCIA 2010,T20,Batter
55,AUSTRALIA,Matthew WADE,481,481 V INDIA AT BENGALURU 2023,T20,Batter
57,AFGHANISTAN,Hazratullah ZAZAI,479,736 V WEST INDIES AT LUCKNOW 2019,T20,Batter
57,PAKISTAN,Iftikhar AHMED,479,521 V NEW ZEALAND AT RAWALPINDI 2023,T20,Batter
59,ZIMBABWE,Sikandar RAZA,476,482 V SRI LANKA AT COLOMBO (RPS) 2024,T20,Batter
60,IRELAND,Andy BALBIRNIE,459,524 V HONG KONG AT ABU DHABI 2019,T20,Batter
60,NAMIBIA,Nikolaas DAVIN,459,540 V ZIMBABWE AT NAMIBIA 2023,T20,Batter
62,AUSTRALIA,Tim DAVID,458,476 V INDIA AT TRIVANDRUM 2023,T20,Batter
63,INDIA,Shubman GILL,456,573 V WEST INDIES AT LAUDERHILL 2023,T20,Batter
64,INDIA,Tilak VARMA,455,509 V WEST INDIES AT LAUDERHILL 2023,T20,Batter
65,BANGLADESH,Afif HOSSAIN,449,508 V NEW ZEALAND AT CHRISTCHURCH 2022,T20,Batter
65,NEW ZEALAND,Kane WILLIAMSON,449,761 V BANGLADESH AT NAPIER 2017,T20,Batter
67,ENGLAND,Ben DUCKETT,448,560 V PAKISTAN AT LAHORE 2022,T20,Batter
67,INDIA,KL RAHUL,448,854 V ENGLAND AT OLD TRAFFORD 2018,T20,Batter
69,PAPUA NEW GUINEA,Tony URA,447,563 V NAMIBIA AT DUBAI 2019,T20,Batter
70,UNITED ARAB EMIRATES,Vriitya ARAVIND,444,472 V NEW ZEALAND AT DUBAI 2023,T20,Batter
71,BANGLADESH,Shakib AL HASAN,442,619 V PAKISTAN AT MIRPUR 2015,T20,Batter
72,WEST INDIES,Sherfane RUTHERFORD,441,441 V ENGLAND AT TRINIDAD 2023,T20,Batter
73,PAKISTAN,Fakhar ZAMAN,436,841 V AUSTRALIA AT HARARE 2018,T20,Batter
74,INDIA,Shivam DUBE,424,472 V AFGHANISTAN AT INDORE 2024,T20,Batter
75,IRELAND,Curtis CAMPHER,423,435 V ZIMBABWE AT HARARE 2023,T20,Batter
76,NAMIBIA,JJ SMIT,420,444 V ZIMBABWE AT NAMIBIA 2023,T20,Batter
77,SOUTH AFRICA,Heinrich KLAASEN,418,494 V IRELAND AT BRISTOL 2022,T20,Batter
78,AUSTRALIA,Ben MCDERMOTT,415,415 V INDIA AT BENGALURU 2023,T20,Batter
78,INDIA,Hardik PANDYA,415,490 V WEST INDIES AT GUYANA 2023,T20,Batter
80,NAMIBIA,Gerhard ERASMUS,414,499 V IRELAND AT SHARJAH 2021,T20,Batter
81,INDIA,Shreyas IYER,411,622 V SOUTH AFRICA AT CUTTACK 2022,T20,Batter
82,HONG KONG,Babar HAYAT,407,499 V IRELAND AT BREADY 2016,T20,Batter
83,SRI LANKA,Dhananjaya DE SILVA,405,418 V NEW ZEALAND AT QUEENSTOWN 2023,T20,Batter
84,SOUTH AFRICA,Temba BAVUMA,402,482 V INDIA AT CUTTACK 2022,T20,Batter
85,PAKISTAN,Shan MASOOD,399,469 V ENGLAND AT MELBOURNE 2022,T20,Batter
86,CANADA,Aaron JOHNSON,398,447 V PANAMA AT BERMUDA 2023,T20,Batter
87,OMAN,Zeeshan MAQSOOD,396,445 V NEPAL AT OMAN 2022,T20,Batter
88,IRELAND,Harry TECTOR,395,416 V AFGHANISTAN AT BELFAST 2022,T20,Batter
89,NETHERLANDS,Colin ACKERMANN,393,393 V SOUTH AFRICA AT ADELAIDE 2022,T20,Batter
90,SRI LANKA,Kusal PERERA,392,752 V SOUTH AFRICA AT CHITTAGONG 2014,T20,Batter
91,NEW ZEALAND,James NEESHAM,390,410 V BANGLADESH AT BAY OVAL 2023,T20,Batter
92,WEST INDIES,Shai HOPE,389,389 V ENGLAND AT TRINIDAD 2023,T20,Batter
93,NEPAL,Rohit PAUDEL,387,387 V OMAN AT KIRTIPUR,T20,Batter
94,SCOTLAND,Matthew CROSS,385,478 V ZIMBABWE AT EDINBURGH 2021,T20,Batter
95,ZIMBABWE,Craig ERVINE,381,424 V NAMIBIA AT BULAWAYO 2022,T20,Batter
96,AUSTRALIA,Matthew SHORT,375,439 V SOUTH AFRICA AT DURBAN 2023,T20,Batter
97,ZIMBABWE,Ryan BURL,372,407 V IRELAND AT BREADY 2021,T20,Batter
98,ZIMBABWE,Wessly MADHEVERE,371,514 V AFGHANISTAN AT HARARE 2022,T20,Batter
99,WEST INDIES,Shimron HETMYER,370,481 V AUSTRALIA AT ABU DHABI 2021,T20,Batter
100,OMAN,Jatinder SINGH,366,524 V BANGLADESH AT OMAN 2021,T20,Batter
1,ENGLAND,Adil RASHID,726,746 V WEST INDIES AT BARBADOS 2022,T20,Bowler
2,WEST INDIES,Akeal HOSEIN,683,683 V ENGLAND AT TRINIDAD 2023,T20,Bowler
3,SRI LANKA,Maheesh THEEKSHANA,679,684 V NEW ZEALAND AT QUEENSTOWN 2023,T20,Bowler
4,SRI LANKA,Wanindu HASARANGA,676,797 V WEST INDIES AT ABU DHABI 2021,T20,Bowler
5,INDIA,Axar PATEL,660,667 V AFGHANISTAN AT INDORE 2024,T20,Bowler
6,INDIA,Ravi BISHNOI,659,699 V AUSTRALIA AT BENGALURU 2023,T20,Bowler
7,SOUTH AFRICA,Tabraiz SHAMSI,654,821 V WEST INDIES AT GRENADA 2021,T20,Bowler
8,AFGHANISTAN,Rashid KHAN,651,816 V BANGLADESH AT DEHRADUN 2018,T20,Bowler
9,NEW ZEALAND,Mitchell SANTNER,650,724 V PAKISTAN AT WELLINGTON 2018,T20,Bowler
10,ENGLAND,Reece TOPLEY,643,662 V AUSTRALIA AT CANBERRA 2022,T20,Bowler
11,NEW ZEALAND,Tim SOUTHEE,639,669 V BANGLADESH AT AUCKLAND 2021,T20,Bowler
12,AFGHANISTAN,Fazalhaq FAROOQI,639,692 V PAKISTAN AT SHARJAH 2023,T20,Bowler
13,AUSTRALIA,Josh HAZLEWOOD,637,806 V SRI LANKA AT SYDNEY 2022,T20,Bowler
14,SOUTH AFRICA,Anrich NORTJE,634,695 V INDIA AT CUTTACK 2022,T20,Bowler
15,AFGHANISTAN,Mujeeb UR RAHMAN,632,745 V IRELAND AT GREATER NOIDA 2020,T20,Bowler
16,AUSTRALIA,Adam ZAMPA,631,743 V SRI LANKA AT SYDNEY 2022,T20,Bowler
17,ENGLAND,Sam CURRAN,630,688 V PAKISTAN AT MELBOURNE 2022,T20,Bowler
18,WEST INDIES,Alzarri JOSEPH,621,646 V ENGLAND AT GRENADA 2023,T20,Bowler
19,NEW ZEALAND,Ish SODHI,619,732 V PAKISTAN AT WELLINGTON 2018,T20,Bowler
20,PAKISTAN,Haris RAUF,615,657 V NEW ZEALAND AT LAHORE 2023,T20,Bowler
21,PAKISTAN,Shaheen AFRIDI,613,634 V AUSTRALIA AT LAHORE 2022,T20,Bowler
22,SOUTH AFRICA,Keshav MAHARAJ,610,662 V INDIA AT INDORE 2022,T20,Bowler
23,INDIA,Arshdeep SINGH,607,635 V WEST INDIES AT TRINIDAD 2023,T20,Bowler
24,BANGLADESH,Mustafizur RAHMAN,605,695 V SRI LANKA AT COLOMBO (RPS) 2017,T20,Bowler
25,WEST INDIES,Jason HOLDER,582,588 V ENGLAND AT GRENADA 2023,T20,Bowler
26,BANGLADESH,Shakib AL HASAN,580,673 V PAKISTAN AT MIRPUR 2014,T20,Bowler
27,PAKISTAN,Shadab KHAN,578,768 V SCOTLAND AT EDINBURGH 2018,T20,Bowler
28,INDIA,Kuldeep YADAV,578,730 V NEW ZEALAND AT HAMILTON 2019,T20,Bowler
29,BANGLADESH,Mahedi HASAN,576,632 V WEST INDIES AT GUYANA 2022,T20,Bowler
30,SOUTH AFRICA,Wayne PARNELL,549,577 V WEST INDIES AT JOHANNESBURG 2023,T20,Bowler
31,AUSTRALIA,Nathan ELLIS,544,544 V INDIA AT BENGALURU 2023,T20,Bowler
32,PAKISTAN,Mohammad WASIM,539,609 V SOUTH AFRICA AT SYDNEY 2022,T20,Bowler
33,BANGLADESH,Taskin AHMED,525,558 V AFGHANISTAN AT SYLHET 2023,T20,Bowler
34,SCOTLAND,Mark WATT,519,603 V NEW ZEALAND AT DUBAI 2021,T20,Bowler
35,ENGLAND,Chris WOAKES,518,580 V PAKISTAN AT MELBOURNE 2022,T20,Bowler
36,BANGLADESH,Nasum AHMED,518,637 V AFGHANISTAN AT MIRPUR 2022,T20,Bowler
37,SOUTH AFRICA,Kagiso RABADA,506,596 V WEST INDIES AT NAGPUR 2016,T20,Bowler
38,ENGLAND,Mark WOOD,500,610 V SRI LANKA AT CARDIFF 2021,T20,Bowler
39,PAKISTAN,Naseem SHAH,499,578 V AFGHANISTAN AT SHARJAH 2023,T20,Bowler
40,INDIA,Bhuvneshwar KUMAR,498,682 V AFGHANISTAN AT DUBAI 2022,T20,Bowler
41,WEST INDIES,Romario SHEPHERD,498,518 V ENGLAND AT BARBADOS 2023,T20,Bowler
42,ZIMBABWE,Richard NGARAVA,492,526 V NAMIBIA AT NAMIBIA 2023,T20,Bowler
43,BANGLADESH,Hasan MAHMUD,492,529 V IRELAND AT CHITTAGONG 2023,T20,Bowler
44,NEW ZEALAND,Matt HENRY,490,490 V PAKISTAN AT CHRISTCHURCH 2024,T20,Bowler
45,IRELAND,Joshua LITTLE,485,528 V NEW ZEALAND AT ADELAIDE 2022,T20,Bowler
46,AUSTRALIA,Pat CUMMINS,484,619 V ENGLAND AT CARDIFF 2015,T20,Bowler
47,NEW ZEALAND,Trent BOULT,484,653 V SRI LANKA AT SYDNEY 2022,T20,Bowler
48,UNITED ARAB EMIRATES,Aayan KHAN,482,482 V AFGHANISTAN AT SHARJAH 2024,T20,Bowler
49,SOUTH AFRICA,Lungi NGIDI,478,568 V PAKISTAN AT SYDNEY 2022,T20,Bowler
50,NEW ZEALAND,Lockie FERGUSON,477,579 V WEST INDIES AT JAMAICA 2022,T20,Bowler
51,ENGLAND,Chris JORDAN,475,659 V NEW ZEALAND AT WELLINGTON 2019,T20,Bowler
52,PAKISTAN,Mohammad NAWAZ,475,560 V ENGLAND AT LAHORE 2022,T20,Bowler
53,INDIA,Yuzvendra CHAHAL,475,706 V BANGLADESH AT COLOMBO (RPS) 2018,T20,Bowler
54,NETHERLANDS,Fred KLAASSEN,473,473 V SOUTH AFRICA AT ADELAIDE 2022,T20,Bowler
55,SRI LANKA,Lahiru KUMARA,470,501 V ENGLAND AT SYDNEY 2022,T20,Bowler
56,WEST INDIES,Obed MCCOY,468,567 V INDIA AT ST KITTS 2022,T20,Bowler
57,INDIA,Ravichandran ASHWIN,466,766 V SRI LANKA AT VISAKHAPATNAM 2016,T20,Bowler
58,AFGHANISTAN,NAVEEN-UL-HAQ,465,535 V UNITED ARAB EMIRATES AT ABU DHABI 2023,T20,Bowler
59,NEW ZEALAND,Adam MILNE,463,663 V PAKISTAN AT MOHALI 2016,T20,Bowler
60,IRELAND,Mark ADAIR,463,569 V NAMIBIA AT DUBAI 2019,T20,Bowler
61,NAMIBIA,Bernard SCHOLTZ,462,521 V ZIMBABWE AT NAMIBIA 2023,T20,Bowler
62,BANGLADESH,Shoriful ISLAM,462,513 V WEST INDIES AT DOMINICA 2022,T20,Bowler
63,NETHERLANDS,Paul VAN MEEKEREN,457,541 V IRELAND AT ROTTERDAM 2018,T20,Bowler
64,UNITED ARAB EMIRATES,Zahoor KHAN,454,501 V NEW ZEALAND AT DUBAI 2023,T20,Bowler
65,INDIA,Hardik PANDYA,446,544 V WEST INDIES AT GUYANA 2023,T20,Bowler
66,UNITED ARAB EMIRATES,Ali NASEER,441,441 V AFGHANISTAN AT SHARJAH 2024,T20,Bowler
67,SRI LANKA,Dushmantha CHAMEERA,438,555 V INDIA AT COLOMBO (RPS) 2021,T20,Bowler
68,SRI LANKA,Chamika KARUNARATNE,438,500 V AUSTRALIA AT PERTH 2022,T20,Bowler
69,SCOTLAND,Safyaan SHARIF,429,483 V ZIMBABWE AT EDINBURGH 2021,T20,Bowler
70,NEW ZEALAND,Michael BRACEWELL,429,548 V INDIA AT LUCKNOW 2023,T20,Bowler
71,ZIMBABWE,Sikandar RAZA,426,430 V SRI LANKA AT COLOMBO (RPS) 2024,T20,Bowler
72,AUSTRALIA,Tanveer SANGHA,420,420 V INDIA AT BENGALURU 2023,T20,Bowler
73,AFGHANISTAN,Mohammad NABI,415,640 V WEST INDIES AT NAGPUR 2016,T20,Bowler
74,UNITED ARAB EMIRATES,Muhammad JAWADULLAH,411,411 V AFGHANISTAN AT SHARJAH 2024,T20,Bowler
75,ZIMBABWE,Tendai CHATARA,410,481 V IRELAND AT HARARE 2023,T20,Bowler
76,ZIMBABWE,Blessing MUZARABANI,410,522 V BANGLADESH AT HARARE 2021,T20,Bowler
77,AUSTRALIA,Jason BEHRENDORFF,407,407 V INDIA AT BENGALURU 2023,T20,Bowler
78,HONG KONG,Ehsan KHAN,405,464 V OMAN AT DUBAI 2019,T20,Bowler
79,OMAN,Bilal KHAN,403,571 V UNITED ARAB EMIRATES AT OMAN 2022,T20,Bowler
80,INDIA,Washington SUNDAR,403,631 V ENGLAND AT AHMEDABAD 2021,T20,Bowler
81,INDIA,Mohammed SIRAJ,402,414 V SOUTH AFRICA AT JOHANNESBURG 2023,T20,Bowler
82,NAMIBIA,JJ SMIT,399,472 V AFGHANISTAN AT ABU DHABI 2021,T20,Bowler
83,WEST INDIES,Sheldon COTTRELL,398,648 V NEW ZEALAND AT AUCKLAND 2020,T20,Bowler
84,AFGHANISTAN,Azmatullah OMARZAI,398,398 V INDIA AT BENGALURU 2024,T20,Bowler
85,INDIA,Mukesh KUMAR,398,398 V AFGHANISTAN AT BENGALURU 2024,T20,Bowler
86,AUSTRALIA,Sean ABBOTT,396,419 V INDIA AT VISAKHAPATNAM 2023,T20,Bowler
87,PAKISTAN,Zaman KHAN,396,396 V NEW ZEALAND AT CHRISTCHURCH 2024,T20,Bowler
88,NAMIBIA,Gerhard ERASMUS,395,430 V ZIMBABWE AT NAMIBIA 2023,T20,Bowler
89,UNITED ARAB EMIRATES,Junaid SIDDIQUE,395,432 V QATAR AT DOHA 2023,T20,Bowler
90,NAMIBIA,Jan FRYLINCK,394,482 V SCOTLAND AT ABU DHABI 2021,T20,Bowler
91,ZIMBABWE,Wellington MASAKADZA,391,469 V IRELAND AT BREADY 2021,T20,Bowler
92,IRELAND,Barry MCCARTHY,389,394 V ZIMBABWE AT HARARE 2023,T20,Bowler
93,WEST INDIES,Odean SMITH,385,460 V ZIMBABWE AT HOBART 2022,T20,Bowler
94,IRELAND,Gareth DELANY,385,413 V AFGHANISTAN AT GREATER NOIDA 2020,T20,Bowler
95,INDIA,Harshal PATEL,383,575 V ENGLAND AT TRENT BRIDGE 2022,T20,Bowler
96,AFGHANISTAN,Karim JANAT,382,530 V IRELAND AT GREATER NOIDA 2020,T20,Bowler
97,IRELAND,Craig YOUNG,377,409 V NEW ZEALAND AT BELFAST 2022,T20,Bowler
98,NETHERLANDS,Roelof VAN DER MERWE,370,512 V PAPUA NEW GUINEA AT DUBAI 2019,T20,Bowler
99,WEST INDIES,Gudakesh MOTIE,367,367 V ENGLAND AT TRINIDAD 2023,T20,Bowler
100,INDIA,Jasprit BUMRAH,364,764 V ENGLAND AT BENGALURU 2017,T20,Bowler
